Url,ProductName
/,Yavuzlar
/vulnlab,VulnLab
/egitim/00x0-php-nedir,PHPXAMPP kurulumuVS Code Kurulum1.0 PHP Nedir1.1 Dosya Oluşturma1.2 Syntax (Yazım Kuralları)1.3 PHP'de Echo ve Print1.4 PHP'deki yorumlar1.5 PHP Değişkenleri1.6 Operatörler (Operators)1.7 Veri Türünü Alma1.8 PHP'de String1.9 PHP'de Sabitler2.0 PHP'de If Else Elseif2.1 Switch Case2.2 PHP'de Döngüler2.3 PHP'de Diziler (Arrays)2.4 PHP'de Süper Global Değişkenleri2.5 PHP'de Cookie (Çerez) Ve Session (Oturum) Yöntemleri2.6 Form işlemleriC++1.0 Temeller1.1 Dosya Oluşturma1.2 Syntax (Yazım Kuralları)1.3 Yorum Satırları1.4 C++ Değişkenleri1.4.1 Değişken Türleri1.5 Operatörler (Operators)1.6 Namespace1.7 Kullanıcı Girdisi (User Input)1.8 C++ Stringleri (C++ Strings)1.9 Matematik (Math) Fonksiyonları1.10 Booleans1.11 If Else1.12 Switch1.13 While Döngüsü1.13.1 Do While Döngüsü1.14 For Döngüsü1.15 Break/Continue1.16 Diziler1.17 Structures1.18 Enums1.19 References1.20 Pointers2.0 Fonksiyonlar2.1 Değişken Kapsamı (Variable Scope)2.2 Rekürsiyon (Recursion)3.0 Sınıflar3.1 OOP3.2 Sınıflar ve Objeler3.3 Sınıf Methodları3.4 Yapıcılar (Constructors)[3.5 Erişim Belirleyicileri (Access Specifiers)]egitim/c-plus-plus/3.0-siniflar/3.5-erisim-belirleyicileri-access-specifiers.md)3.6 Kapsülleme (Encapsulation)3.7 Inheritance3.8 Polimorfizm (Polymorphism)3.9 Dosyalar (Files)3.10 İstisnalar (Exceptions)3.11 Tarih ve Zaman (Date and Time)4.0 Veri Yapıları (Data Structures)4.1 Veri Yapıları ve STL4.2 Vektörler (Vectors)4.3 Listeler (Lists)4.4 Yığınlar (Stacks)4.5 Kuyruklar (Queues)4.6 Deque (Çift Uçlu Kuyruk)4.7 Küme (Set)4.8 Maps4.9 Iterator4.10 Algoritmalar
/egitim/00x0-php-nedir,PHPXAMPP kurulumuVS Code Kurulum1.0 PHP Nedir1.1 Dosya Oluşturma1.2 Syntax (Yazım Kuralları)1.3 PHP'de Echo ve Print1.4 PHP'deki yorumlar1.5 PHP Değişkenleri1.6 Operatörler (Operators)1.7 Veri Türünü Alma1.8 PHP'de String1.9 PHP'de Sabitler2.0 PHP'de If Else Elseif2.1 Switch Case2.2 PHP'de Döngüler2.3 PHP'de Diziler (Arrays)2.4 PHP'de Süper Global Değişkenleri2.5 PHP'de Cookie (Çerez) Ve Session (Oturum) Yöntemleri2.6 Form işlemleri
/egitim/00x0-php-nedir/00x000-xampp-kurulumu,XAMPP kurulumu
/egitim/00x0-php-nedir/00x00-vs-code-kurulum,VS Code Kurulum
/egitim/00x0-php-nedir,1.0 PHP Nedir
/egitim/00x0-php-nedir/00x1-dosya-olusturma,1.1 Dosya Oluşturma
/egitim/00x0-php-nedir/00x2-syntax-yazim-kurallari,1.2 Syntax (Yazım Kuralları)
/egitim/00x0-php-nedir/00x3-phpde-echo-ve-print,1.3 PHP'de Echo ve Print
/egitim/00x0-php-nedir/00x4-phpdeki-yorumlar,1.4 PHP'deki yorumlar
/egitim/00x0-php-nedir/00x5-php-degiskenleri,1.5 PHP Değişkenleri
/egitim/00x0-php-nedir/00x6-operatorler-operators,1.6 Operatörler (Operators)
/egitim/00x0-php-nedir/00x7-veri-turunu-alma,1.7 Veri Türünü Alma
/egitim/00x0-php-nedir/00x8-phpde-string,1.8 PHP'de String
/egitim/00x0-php-nedir/00x9-phpde-sabitler,1.9 PHP'de Sabitler
/egitim/00x0-php-nedir/01x0-phpde-if-else-elseif,2.0 PHP'de If Else Elseif
/egitim/00x0-php-nedir/01x1-switch-case,2.1 Switch Case
/egitim/00x0-php-nedir/01x2-phpde-donguler,2.2 PHP'de Döngüler
/egitim/00x0-php-nedir/01x3-phpde-diziler-arrays,2.3 PHP'de Diziler (Arrays)
/egitim/00x0-php-nedir/01x4-phpde-super-global-degiskenleri,2.4 PHP'de Süper Global Değişkenleri
/egitim/00x0-php-nedir/01x5-phpde-cookie-cerez-ve-session-oturum-yontemleri,2.5 PHP'de Cookie (Çerez) Ve Session (Oturum) Yöntemleri
/egitim/00x0-php-nedir/01x6-form-islemleri,2.6 Form işlemleri
/egitim/c-plus-plus,C++1.0 Temeller1.1 Dosya Oluşturma1.2 Syntax (Yazım Kuralları)1.3 Yorum Satırları1.4 C++ Değişkenleri1.4.1 Değişken Türleri1.5 Operatörler (Operators)1.6 Namespace1.7 Kullanıcı Girdisi (User Input)1.8 C++ Stringleri (C++ Strings)1.9 Matematik (Math) Fonksiyonları1.10 Booleans1.11 If Else1.12 Switch1.13 While Döngüsü1.13.1 Do While Döngüsü1.14 For Döngüsü1.15 Break/Continue1.16 Diziler1.17 Structures1.18 Enums1.19 References1.20 Pointers2.0 Fonksiyonlar2.1 Değişken Kapsamı (Variable Scope)2.2 Rekürsiyon (Recursion)3.0 Sınıflar3.1 OOP3.2 Sınıflar ve Objeler3.3 Sınıf Methodları3.4 Yapıcılar (Constructors)[3.5 Erişim Belirleyicileri (Access Specifiers)]egitim/c-plus-plus/3.0-siniflar/3.5-erisim-belirleyicileri-access-specifiers.md)3.6 Kapsülleme (Encapsulation)3.7 Inheritance3.8 Polimorfizm (Polymorphism)3.9 Dosyalar (Files)3.10 İstisnalar (Exceptions)3.11 Tarih ve Zaman (Date and Time)4.0 Veri Yapıları (Data Structures)4.1 Veri Yapıları ve STL4.2 Vektörler (Vectors)4.3 Listeler (Lists)4.4 Yığınlar (Stacks)4.5 Kuyruklar (Queues)4.6 Deque (Çift Uçlu Kuyruk)4.7 Küme (Set)4.8 Maps4.9 Iterator4.10 Algoritmalar
/egitim/c-plus-plus/1.0-temeller,1.0 Temeller1.1 Dosya Oluşturma1.2 Syntax (Yazım Kuralları)1.3 Yorum Satırları1.4 C++ Değişkenleri1.4.1 Değişken Türleri1.5 Operatörler (Operators)1.6 Namespace1.7 Kullanıcı Girdisi (User Input)1.8 C++ Stringleri (C++ Strings)1.9 Matematik (Math) Fonksiyonları1.10 Booleans1.11 If Else1.12 Switch1.13 While Döngüsü1.13.1 Do While Döngüsü1.14 For Döngüsü1.15 Break/Continue1.16 Diziler1.17 Structures1.18 Enums1.19 References1.20 Pointers
/egitim/c-plus-plus/1.0-temeller/1.1-dosya-olusturma,1.1 Dosya Oluşturma
/egitim/c-plus-plus/1.0-temeller/1.2-syntax-yazim-kurallari,1.2 Syntax (Yazım Kuralları)
/egitim/c-plus-plus/1.0-temeller/1.3-yorum-satirlari,1.3 Yorum Satırları
/egitim/c-plus-plus/1.0-temeller/1.4-c++-degiskenleri,1.4 C++ Değişkenleri1.4.1 Değişken Türleri
/egitim/c-plus-plus/1.0-temeller/1.4-c++-degiskenleri/1.4.1-degisken-turleri,1.4.1 Değişken Türleri
/egitim/c-plus-plus/1.0-temeller/1.5-operatorler-operators,1.5 Operatörler (Operators)
/egitim/c-plus-plus/1.0-temeller/1.6-namespace,1.6 Namespace
/egitim/c-plus-plus/1.0-temeller/1.7-kullanici-girdisi-user-input,1.7 Kullanıcı Girdisi (User Input)
/egitim/c-plus-plus/1.0-temeller/1.8-c++-stringleri-c++-strings,1.8 C++ Stringleri (C++ Strings)
/egitim/c-plus-plus/1.0-temeller/1.9-matematik-math-fonksiyonlari,1.9 Matematik (Math) Fonksiyonları
/egitim/c-plus-plus/1.0-temeller/1.10-booleans,1.10 Booleans
/egitim/c-plus-plus/1.0-temeller/1.11-if-else,1.11 If Else
/egitim/c-plus-plus/1.0-temeller/1.12-switch,1.12 Switch
/egitim/c-plus-plus/1.0-temeller/1.13-while-dongusu,1.13 While Döngüsü1.13.1 Do While Döngüsü
/egitim/c-plus-plus/1.0-temeller/1.13-while-dongusu/1.13.1-do-while-dongusu,1.13.1 Do While Döngüsü
/egitim/c-plus-plus/1.0-temeller/1.14-for-dongusu,1.14 For Döngüsü
/egitim/c-plus-plus/1.0-temeller/1.15-break-continue,1.15 Break/Continue
/egitim/c-plus-plus/1.0-temeller/1.16-diziler,1.16 Diziler
/egitim/c-plus-plus/1.0-temeller/1.17-structures,1.17 Structures
/egitim/c-plus-plus/1.0-temeller/1.18-enums,1.18 Enums
/egitim/c-plus-plus/1.0-temeller/1.19-references,1.19 References
/egitim/c-plus-plus/1.0-temeller/1.20-pointers,1.20 Pointers
/egitim/c-plus-plus/2.0-fonksiyonlar,2.0 Fonksiyonlar2.1 Değişken Kapsamı (Variable Scope)2.2 Rekürsiyon (Recursion)
/egitim/c-plus-plus/2.0-fonksiyonlar/2.1-degisken-kapsami-variable-scope,2.1 Değişken Kapsamı (Variable Scope)
/egitim/c-plus-plus/2.0-fonksiyonlar/2.2-rekursiyon-recursion,2.2 Rekürsiyon (Recursion)
/egitim/c-plus-plus/3.0-siniflar,3.0 Sınıflar3.1 OOP3.2 Sınıflar ve Objeler3.3 Sınıf Methodları3.4 Yapıcılar (Constructors)[3.5 Erişim Belirleyicileri (Access Specifiers)]egitim/c-plus-plus/3.0-siniflar/3.5-erisim-belirleyicileri-access-specifiers.md)3.6 Kapsülleme (Encapsulation)3.7 Inheritance3.8 Polimorfizm (Polymorphism)3.9 Dosyalar (Files)3.10 İstisnalar (Exceptions)3.11 Tarih ve Zaman (Date and Time)
/egitim/c-plus-plus/3.0-siniflar/3.1-oop,3.1 OOP
/egitim/c-plus-plus/3.0-siniflar/3.2-siniflar-ve-objeler,3.2 Sınıflar ve Objeler
/egitim/c-plus-plus/3.0-siniflar/3.3-sinif-methodlari,3.3 Sınıf Methodları
/egitim/c-plus-plus/3.0-siniflar/3.4-yapicilar-constructors,3.4 Yapıcılar (Constructors)
/egitim/c-plus-plus/3.0-siniflar/3.5-erisim-belirleyicileri-access-specifiers-egitim-c-plus-plus-3.0-siniflar-3.5-erisim-belirleyicil,[3.5 Erişim Belirleyicileri (Access Specifiers)]egitim/c-plus-plus/3.0-siniflar/3.5-erisim-belirleyicileri-access-specifiers.md)
/egitim/c-plus-plus/3.0-siniflar/3.6-kapsulleme-encapsulation,3.6 Kapsülleme (Encapsulation)
/egitim/c-plus-plus/3.0-siniflar/3.7-inheritance,3.7 Inheritance
/egitim/c-plus-plus/3.0-siniflar/3.8-polimorfizm-polymorphism,3.8 Polimorfizm (Polymorphism)
/egitim/c-plus-plus/3.0-siniflar/3.9-dosyalar-files,3.9 Dosyalar (Files)
/egitim/c-plus-plus/3.0-siniflar/3.10-istisnalar-exceptions,3.10 İstisnalar (Exceptions)
/egitim/c-plus-plus/3.0-siniflar/3.11-tarih-ve-zaman-date-and-time,3.11 Tarih ve Zaman (Date and Time)
/egitim/c-plus-plus/4.0-veri-yapilari-data-structures,4.0 Veri Yapıları (Data Structures)4.1 Veri Yapıları ve STL4.2 Vektörler (Vectors)4.3 Listeler (Lists)4.4 Yığınlar (Stacks)4.5 Kuyruklar (Queues)4.6 Deque (Çift Uçlu Kuyruk)4.7 Küme (Set)4.8 Maps4.9 Iterator4.10 Algoritmalar
/egitim/c-plus-plus/4.0-veri-yapilari-data-structures/4.1-veri-yapilari-ve-stl,4.1 Veri Yapıları ve STL
/egitim/c-plus-plus/4.0-veri-yapilari-data-structures/4.2-vektorler-vectors,4.2 Vektörler (Vectors)
/egitim/c-plus-plus/4.0-veri-yapilari-data-structures/4.3-listeler-lists,4.3 Listeler (Lists)
/egitim/c-plus-plus/4.0-veri-yapilari-data-structures/4.4-yiginlar-stacks,4.4 Yığınlar (Stacks)
/egitim/c-plus-plus/4.0-veri-yapilari-data-structures/4.5-kuyruklar-queues,4.5 Kuyruklar (Queues)
/egitim/c-plus-plus/4.0-veri-yapilari-data-structures/4.6-deque-cift-uclu-kuyruk,4.6 Deque (Çift Uçlu Kuyruk)
/egitim/c-plus-plus/4.0-veri-yapilari-data-structures/4.7-kume-set,4.7 Küme (Set)
/egitim/c-plus-plus/4.0-veri-yapilari-data-structures/4.8-maps,4.8 Maps
/egitim/c-plus-plus/4.0-veri-yapilari-data-structures/4.9-iterator,4.9 Iterator
/egitim/c-plus-plus/4.0-veri-yapilari-data-structures/4.10-algoritmalar,4.10 Algoritmalar
/araclar/aircrack-ng,Aircrack-ngArjunBeEFBettercapDockerGelişmiş Wireshark Kullanımı (Advanced Wireshark Usage)Google DorksHping3John the RipperMetasploit FrameworkNetcatNmapOSINT FrameworkPEASS-ngSublist3rXSS ScannerWiresharkZAPHYDRA
/araclar/aircrack-ng,Aircrack-ng
/araclar/arjun,Arjun
/araclar/beef,BeEF
/araclar/bettercap,Bettercap
/araclar/docker,Docker
/araclar/advanced-wireshark-usage,Gelişmiş Wireshark Kullanımı (Advanced Wireshark Usage)
/araclar/google-dorks,Google Dorks
/araclar/hping3,Hping3
/araclar/john-the-ripper,John the Ripper
/araclar/metasploit-framework,Metasploit Framework
/araclar/netcat,Netcat
/araclar/nmap,Nmap
/araclar/osint-framework,OSINT Framework
/araclar/peass-ng,PEASS-ng
/araclar/sublist3r,Sublist3r
/araclar/xss-scanner,XSS Scanner
/araclar/wireshark,Wireshark
/araclar/zap,ZAP
/araclar/hydra,HYDRA
/isletim-sistemleri/linux101,Linux101MBR
/isletim-sistemleri/linux101,Linux101
/isletim-sistemleri/mbr,MBR
/kriptoloji/sezar-sifrelemesi,Sezar ŞifrelemesiSteganografiVeri Şifreleme (Data Encryption)
/kriptoloji/sezar-sifrelemesi,Sezar Şifrelemesi
/kriptoloji/steganografi,Steganografi
/kriptoloji/veri-sifreleme,Veri Şifreleme (Data Encryption)
/network/dns,Domain Name Server (DNS)Firewall Nedir? Nasıl Çalışır ?Ortadaki Adam Saldırısı (Man In The Middle Attack)OSI ModeliSanal Özel Ağlar (VPN)World Wide Web (WWW)
/network/dns,Domain Name Server (DNS)
/network/firewall-nedir-nasil-calisir,Firewall Nedir? Nasıl Çalışır ?
/network/man-in-the-middle-saldirisi-ortadaki-adam-saldirisi,Ortadaki Adam Saldırısı (Man In The Middle Attack)
/network/osi-modeli,OSI Modeli
/network/vpn,Sanal Özel Ağlar (VPN)
/network/world-wide-web,World Wide Web (WWW)
/privileged/docker-escape,Docker Escape
/privileged/docker-escape,Docker Escape
/protokoller/arp,ARPDHCPFTPHTTP/HTTPSSSHTCP/IPWİ-Fİ Güvenlik Protokolleri (WEP/WPA/WPA2/WPA3)
/protokoller/arp,ARP
/protokoller/dhcp,DHCP
/protokoller/ftp,FTP
/protokoller/http-https,HTTP/HTTPS
/protokoller/ssh,SSH
/protokoller/tcp-ip,TCP/IP
/protokoller/wi-fi-guvenlik-protokolleri-wep-wpa-wpa2-wpa3,Wİ-Fİ Güvenlik Protokolleri (WEP/WPA/WPA2/WPA3)
/siber-tehdit-istihbarati/gelismis-siber-tehdit-istihbarati-nedir,Gelişmiş Siber Tehdit İstihbaratı Nedir?
/siber-tehdit-istihbarati/gelismis-siber-tehdit-istihbarati-nedir,Gelişmiş Siber Tehdit İstihbaratı Nedir?
/web-guvenligi/403-bypass,403 ByPassAPI Güvenliği (API Security)Broken Access ControlBulut Güvenliği (Cloud Security)Command InjectionCross Origin Resource SharingCross Site Request Forgery (CSRF)Cyber Kill ChainDDoS SaldırılarıFile Upload Zafiyeti Nedir?HTTP Request SmugglingInsecure Direct Object Reference (IDOR)Incident ResponseLocal File Inclusion (LFI)NoSQL InjectionPentest 101Race ConditionServer Side Request Forgery (SSRF)Server Side Template Injection (SSTI)Spring4ShellTwo Factor Authentication BypassXML External Entity Attack (XEE)
/web-guvenligi/403-bypass,403 ByPass
/web-guvenligi/api-guvenligi-api-security,API Güvenliği (API Security)
/web-guvenligi/broken-access-control,Broken Access Control
/web-guvenligi/cloud-security,Bulut Güvenliği (Cloud Security)
/web-guvenligi/command-injection,Command Injection
/web-guvenligi/cross-origin-resource-sharing,Cross Origin Resource Sharing
/web-guvenligi/cross-site-request-forgery-csrf,Cross Site Request Forgery (CSRF)
/web-guvenligi/cyber-kill-chain,Cyber Kill Chain
/web-guvenligi/ddos-saldirilari,DDoS Saldırıları
/web-guvenligi/file-upload-zafiyeti-nedir,File Upload Zafiyeti Nedir?
/web-guvenligi/http-request-smuggling,HTTP Request Smuggling
/web-guvenligi/insecure-direct-object-reference-idor,Insecure Direct Object Reference (IDOR)
/web-guvenligi/incident-response,Incident Response
/web-guvenligi/local-file-inclusion-lfi,Local File Inclusion (LFI)
/web-guvenligi/nosqlinjection,NoSQL Injection
/web-guvenligi/pentest101,Pentest 101
/web-guvenligi/race-condition,Race Condition
/web-guvenligi/server-side-request-forgery-ssrf,Server Side Request Forgery (SSRF)
/web-guvenligi/server-side-template-injection-ssti,Server Side Template Injection (SSTI)
/web-guvenligi/spring-4-shell,Spring4Shell
/web-guvenligi/two-factor-authentication-bypass,Two Factor Authentication Bypass
/web-guvenligi/xxe-xml-external-entity-attack,XML External Entity Attack (XEE)
/yapay-zeka/chatgpt-for-hacking,ChatGPT for HackingSiber Güvenlik ve Yapay ZekaYapay Zeka ile Sahte Fotoğraf Tespiti
/yapay-zeka/chatgpt-for-hacking,ChatGPT for Hacking
/yapay-zeka/siber-guvenlik-ve-yapay-zeka,Siber Güvenlik ve Yapay Zeka
/yapay-zeka/ai-fake-photo-detection,Yapay Zeka ile Sahte Fotoğraf Tespiti
/yazilim/regular-expressions,Düzenli İfadeler (Regular Expressions)Elasticsearch Nedir?Front-end TeknolojileriGolang'da Arayüzler (Interfaces)Go'da Concurrency ve UygulamalarıGüvenli Kodlama (Secure Coding)JSON Web Token (JWT)NextJS Nedir?ReactJS Kancalar (Hooks)ReactJS Nedir?Redux ToolkitSOLID Yazılım Geliştirme PrensipleriSQL 101UI / UX Nedir?Veri Taşıma Nedir? (Database Migration)Versiyon Kontrol Sistemleri ve GIT
/yazilim/regular-expressions,Düzenli İfadeler (Regular Expressions)
/yazilim/elasticsearch-nedir,Elasticsearch Nedir?
/yazilim/front-end-teknolojileri,Front-end Teknolojileri
/yazilim/golangda-arayuzler,Golang'da Arayüzler (Interfaces)
/yazilim/golang-concurrency,Go'da Concurrency ve Uygulamaları
/yazilim/guvenli-kodlama-secure-coding,Güvenli Kodlama (Secure Coding)
/yazilim/json-web-token-jwt,JSON Web Token (JWT)
/yazilim/nextjs-nedir,NextJS Nedir?
/yazilim/reactjs-hooks,ReactJS Kancalar (Hooks)
/yazilim/reactjs-nedir,ReactJS Nedir?
/yazilim/redux-toolkit,Redux Toolkit
/yazilim/solid-yazilim-prensipleri,SOLID Yazılım Geliştirme Prensipleri
/yazilim/sql-101,SQL 101
/yazilim/ui-ux-nedir,UI / UX Nedir?
/yazilim/database-migration,Veri Taşıma Nedir? (Database Migration)
/yazilim/version-control-systems-and-git,Versiyon Kontrol Sistemleri ve GIT
/diger/populer-yazilimlarin-kurulumlari,Popüler Yazılımların KurulumlarıUbuntu Server 24.04 LTS KurulumuUbuntu için Güncel Docker Engine KurlumuGüvenlik Operasyonları Merkezi Nedir?Honeypot (Bal Küpü)IoT Güvenliği Nedir?ShellShock ExploitYük Dengeleyici (Load Balancer) Nedir?
/diger/populer-yazilimlarin-kurulumlari,Popüler Yazılımların KurulumlarıUbuntu Server 24.04 LTS KurulumuUbuntu için Güncel Docker Engine Kurlumu
/diger/populer-yazilimlarin-kurulumlari/ubuntu-server-24.04-lts-kurulumu,Ubuntu Server 24.04 LTS Kurulumu
/diger/populer-yazilimlarin-kurulumlari/ubuntu-icin-guncel-docker-engine-kurlumu,Ubuntu için Güncel Docker Engine Kurlumu
/diger/security-operations-center-nedir,Güvenlik Operasyonları Merkezi Nedir?
/diger/honeypot-bal-kuepue,Honeypot (Bal Küpü)
/diger/iot-security,IoT Güvenliği Nedir?
/diger/shellshock-exploit,ShellShock Exploit
/diger/yuk-dengeleyici-load-balancer-nedir,Yük Dengeleyici (Load Balancer) Nedir?
